CREATE TABLE ESTIMACION_DEMANDA (
    FECHA DATE PRIMARY KEY,
    CUOTA_PRODUCCION NUMBER(10,0) DEFAULT 0 NOT NULL CHECK (CUOTA_PRODUCCION <= 100),
    TEMP NUMBER(5,2) NOT NULL CHECK (TEMP >= 0 AND TEMP <= 50),
    DEMANDA NUMBER(10,2) DEFAULT 0 NOT NULL CHECK (DEMANDA > 0)
);


CREATE TABLE EMPRESA (
    CIF VARCHAR2(9) DEFAULT '00000000A' PRIMARY KEY CHECK (LENGTH(CIF) = 9 AND SUBSTR(CIF, 1, 1) = 'A'),
    NOMBRE VARCHAR2(50) DEFAULT 'Empresa sin nombre' NOT NULL CHECK (LENGTH(NOMBRE) >= 3)
);


CREATE TABLE CENTRALES (
    COD_CENTRAL VARCHAR2(10) PRIMARY KEY,
    CIF VARCHAR2(9) DEFAULT '00000000A',
    FECHA DATE,
    UBICACION VARCHAR2(50) DEFAULT 'Sin especificar' NOT NULL CHECK (LENGTH(UBICACION) BETWEEN 2 AND 50),
    CAPACIDAD_MAX NUMBER(10,2) NOT NULL CHECK (CAPACIDAD_MAX >= 0),
    CONSTRAINT FK_EMPRESA_CENTRAL FOREIGN KEY (CIF) REFERENCES EMPRESA(CIF),
    CONSTRAINT FK_ESTIMACION_DEMANDA_CENTRAL FOREIGN KEY (FECHA) REFERENCES ESTIMACION_DEMANDA(FECHA)
);


-- Inserción de datos en la tabla ESTIMACION_DEMANDA
INSERT INTO ESTIMACION_DEMANDA (FECHA, CUOTA_PRODUCCION, TEMP, DEMANDA) VALUES (STR_TO_DATE('2024-01-01', '%Y-%m-%d'), 75, 20.5, 1200.50);
INSERT INTO ESTIMACION_DEMANDA (FECHA, CUOTA_PRODUCCION, TEMP, DEMANDA) VALUES (STR_TO_DATE('2024-01-02', '%Y-%m-%d'), 80, 22.0, 1300.75);
INSERT INTO ESTIMACION_DEMANDA (FECHA, CUOTA_PRODUCCION, TEMP, DEMANDA) VALUES (STR_TO_DATE('2024-01-03', '%Y-%m-%d'), 70, 18.5, 1100.25);
INSERT INTO ESTIMACION_DEMANDA (FECHA, CUOTA_PRODUCCION, TEMP, DEMANDA) VALUES (STR_TO_DATE('2024-01-04', '%Y-%m-%d'), 85, 24.0, 1400.00);
INSERT INTO ESTIMACION_DEMANDA (FECHA, CUOTA_PRODUCCION, TEMP, DEMANDA) VALUES (STR_TO_DATE('2024-01-05', '%Y-%m-%d'), 60, 17.0, 1000.75);
INSERT INTO ESTIMACION_DEMANDA (FECHA, CUOTA_PRODUCCION, TEMP, DEMANDA) VALUES (STR_TO_DATE('2024-01-06', '%Y-%m-%d'), 78, 21.5, 1280.50);
INSERT INTO ESTIMACION_DEMANDA (FECHA, CUOTA_PRODUCCION, TEMP, DEMANDA) VALUES (STR_TO_DATE('2024-01-07', '%Y-%m-%d'), 68, 19.0, 1050.25);
INSERT INTO ESTIMACION_DEMANDA (FECHA, CUOTA_PRODUCCION, TEMP, DEMANDA) VALUES (STR_TO_DATE('2024-01-08', '%Y-%m-%d'), 88, 25.0, 1500.00);
INSERT INTO ESTIMACION_DEMANDA (FECHA, CUOTA_PRODUCCION, TEMP, DEMANDA) VALUES (STR_TO_DATE('2024-01-09', '%Y-%m-%d'), 65, 16.5, 980.75);
INSERT INTO ESTIMACION_DEMANDA (FECHA, CUOTA_PRODUCCION, TEMP, DEMANDA) VALUES (STR_TO_DATE('2024-01-10', '%Y-%m-%d'), 82, 23.0, 1350.50);
INSERT INTO ESTIMACION_DEMANDA (FECHA, CUOTA_PRODUCCION, TEMP, DEMANDA) VALUES (STR_TO_DATE('2024-01-11', '%Y-%m-%d'), 75, 20.5, 1200.50);
INSERT INTO ESTIMACION_DEMANDA (FECHA, CUOTA_PRODUCCION, TEMP, DEMANDA) VALUES (STR_TO_DATE('2024-01-12', '%Y-%m-%d'), 80, 22.0, 1300.75);
INSERT INTO ESTIMACION_DEMANDA (FECHA, CUOTA_PRODUCCION, TEMP, DEMANDA) VALUES (STR_TO_DATE('2024-01-13', '%Y-%m-%d'), 70, 18.5, 1100.25);
INSERT INTO ESTIMACION_DEMANDA (FECHA, CUOTA_PRODUCCION, TEMP, DEMANDA) VALUES (STR_TO_DATE('2024-01-14', '%Y-%m-%d'), 85, 24.0, 1400.00);
INSERT INTO ESTIMACION_DEMANDA (FECHA, CUOTA_PRODUCCION, TEMP, DEMANDA) VALUES (STR_TO_DATE('2024-01-15', '%Y-%m-%d'), 60, 17.0, 1000.75);
INSERT INTO ESTIMACION_DEMANDA (FECHA, CUOTA_PRODUCCION, TEMP, DEMANDA) VALUES (STR_TO_DATE('2024-01-16', '%Y-%m-%d'), 78, 21.5, 1280.50);
INSERT INTO ESTIMACION_DEMANDA (FECHA, CUOTA_PRODUCCION, TEMP, DEMANDA) VALUES (STR_TO_DATE('2024-01-17', '%Y-%m-%d'), 68, 19.0, 1050.25);
INSERT INTO ESTIMACION_DEMANDA (FECHA, CUOTA_PRODUCCION, TEMP, DEMANDA) VALUES (STR_TO_DATE('2024-01-18', '%Y-%m-%d'), 88, 25.0, 1500.00);
INSERT INTO ESTIMACION_DEMANDA (FECHA, CUOTA_PRODUCCION, TEMP, DEMANDA) VALUES (STR_TO_DATE('2024-01-19', '%Y-%m-%d'), 65, 16.5, 980.75);
INSERT INTO ESTIMACION_DEMANDA (FECHA, CUOTA_PRODUCCION, TEMP, DEMANDA) VALUES (STR_TO_DATE('2024-01-20', '%Y-%m-%d'), 82, 23.0, 1350.50);

COMMIT;


-- Inserción de datos en la tabla EMPRESA
INSERT INTO EMPRESA (CIF, NOMBRE) VALUES ('A12345678', 'Empresa Solar S.A.');
INSERT INTO EMPRESA (CIF, NOMBRE) VALUES ('A98765432', 'Comercializadora Internacional XYZ');
INSERT INTO EMPRESA (CIF, NOMBRE) VALUES ('A23456789', 'Industrias Tecnológicas Avanzadas');
INSERT INTO EMPRESA (CIF, NOMBRE) VALUES ('A34567890', 'Ingeniería Innovadora Tech');
INSERT INTO EMPRESA (CIF, NOMBRE) VALUES ('A56789012', 'Servicios Logísticos Rápidos');
INSERT INTO EMPRESA (CIF, NOMBRE) VALUES ('A89012345', 'Consultoría Estratégica Global');
INSERT INTO EMPRESA (CIF, NOMBRE) VALUES ('A67890123', 'Inversiones Financieras Elite');
INSERT INTO EMPRESA (CIF, NOMBRE) VALUES ('A01234567', 'Desarrollos Tecnológicos Avanzados');
INSERT INTO EMPRESA (CIF, NOMBRE) VALUES ('A45678901', 'Moda y Estilo Fashion Group');
INSERT INTO EMPRESA (CIF, NOMBRE) VALUES ('A78901234', 'Gastronomía Deliciosa S.C.');
INSERT INTO EMPRESA (CIF, NOMBRE) VALUES ('A32109876', 'Construcciones Duraderas ConstruDUR');
INSERT INTO EMPRESA (CIF, NOMBRE) VALUES ('A65432109', 'Transportes VelozExpress');
INSERT INTO EMPRESA (CIF, NOMBRE) VALUES ('A90123456', 'Servicios Médicos SaludTotal');
INSERT INTO EMPRESA (CIF, NOMBRE) VALUES ('A54321098', 'Turismo Aventura ExploraMundo');
INSERT INTO EMPRESA (CIF, NOMBRE) VALUES ('A87654321', 'Telecomunicaciones ConectaCom');
INSERT INTO EMPRESA (CIF, NOMBRE) VALUES ('A21098765', 'Educación Innovadora EducaPlus');
INSERT INTO EMPRESA (CIF, NOMBRE) VALUES ('A43210987', 'Energías Renovables EcoEnergy');
INSERT INTO EMPRESA (CIF, NOMBRE) VALUES ('A76543210', 'Arquitectura Moderna ArquiDesign');
INSERT INTO EMPRESA (CIF, NOMBRE) VALUES ('A09876543', 'Publicidad Creativa AdvertiseNow');
INSERT INTO EMPRESA (CIF, NOMBRE) VALUES ('A35792451', 'Futuro Energético S.A.');

COMMIT;


-- Inserción de datos en la tabla CENTRALES
INSERT INTO CENTRALES (COD_CENTRAL, CIF, FECHA, UBICACION, CAPACIDAD_MAX) VALUES ('C1', 'A12345678', STR_TO_DATE('2024-01-01', '%Y-%m-%d'), 'Central Solar Andalucía', 500.00);
INSERT INTO CENTRALES (COD_CENTRAL, CIF, FECHA, UBICACION, CAPACIDAD_MAX) VALUES ('C2', 'A98765432', STR_TO_DATE('2024-01-02', '%Y-%m-%d'), 'Parque Eólico Castilla', 800.00);
INSERT INTO CENTRALES (COD_CENTRAL, CIF, FECHA, UBICACION, CAPACIDAD_MAX) VALUES ('C3', 'A23456789', STR_TO_DATE('2024-01-03', '%Y-%m-%d'), 'Hidroeléctrica Pirineos', 1000.00);
INSERT INTO CENTRALES (COD_CENTRAL, CIF, FECHA, UBICACION, CAPACIDAD_MAX) VALUES ('C4', 'A34567890', STR_TO_DATE('2024-01-04', '%Y-%m-%d'), 'Central Térmica Madrid', 700.00);
INSERT INTO CENTRALES (COD_CENTRAL, CIF, FECHA, UBICACION, CAPACIDAD_MAX) VALUES ('C5', 'A56789012', STR_TO_DATE('2024-01-05', '%Y-%m-%d'), 'Planta Biomasa Valencia', 1200.00);
INSERT INTO CENTRALES (COD_CENTRAL, CIF, FECHA, UBICACION, CAPACIDAD_MAX) VALUES ('C6', 'A89012345', STR_TO_DATE('2024-01-06', '%Y-%m-%d'), 'Parque Eólico Galicia', 900.00);
INSERT INTO CENTRALES (COD_CENTRAL, CIF, FECHA, UBICACION, CAPACIDAD_MAX) VALUES ('C7', 'A67890123', STR_TO_DATE('2024-01-07', '%Y-%m-%d'), 'Central Hidroeléctrica Cantabria', 1100.00);
INSERT INTO CENTRALES (COD_CENTRAL, CIF, FECHA, UBICACION, CAPACIDAD_MAX) VALUES ('C8', 'A01234567', STR_TO_DATE('2024-01-08', '%Y-%m-%d'), 'Central Térmica Barcelona', 1300.00);
INSERT INTO CENTRALES (COD_CENTRAL, CIF, FECHA, UBICACION, CAPACIDAD_MAX) VALUES ('C9', 'A45678901', STR_TO_DATE('2024-01-09', '%Y-%m-%d'), 'Parque Solar Castilla y León', 950.00);
INSERT INTO CENTRALES (COD_CENTRAL, CIF, FECHA, UBICACION, CAPACIDAD_MAX) VALUES ('C10', 'A78901234', STR_TO_DATE('2024-01-10', '%Y-%m-%d'), 'Hidroeléctrica Euskadi', 1150.00);
INSERT INTO CENTRALES (COD_CENTRAL, CIF, FECHA, UBICACION, CAPACIDAD_MAX) VALUES ('C11', 'A32109876', STR_TO_DATE('2024-01-11', '%Y-%m-%d'), 'Parque Eólico Murcia', 600.00);
INSERT INTO CENTRALES (COD_CENTRAL, CIF, FECHA, UBICACION, CAPACIDAD_MAX) VALUES ('C12', 'A65432109', STR_TO_DATE('2024-01-12', '%Y-%m-%d'), 'Planta Térmica Sevilla', 850.00);
INSERT INTO CENTRALES (COD_CENTRAL, CIF, FECHA, UBICACION, CAPACIDAD_MAX) VALUES ('C13', 'A90123456', STR_TO_DATE('2024-01-13', '%Y-%m-%d'), 'Central Biomasa Zaragoza', 1000.00);
INSERT INTO CENTRALES (COD_CENTRAL, CIF, FECHA, UBICACION, CAPACIDAD_MAX) VALUES ('C14', 'A54321098', STR_TO_DATE('2024-01-14', '%Y-%m-%d'), 'Parque Solar Asturias', 750.00);
INSERT INTO CENTRALES (COD_CENTRAL, CIF, FECHA, UBICACION, CAPACIDAD_MAX) VALUES ('C15', 'A87654321', STR_TO_DATE('2024-01-15', '%Y-%m-%d'), 'Central Térmica Valencia', 950.00);
INSERT INTO CENTRALES (COD_CENTRAL, CIF, FECHA, UBICACION, CAPACIDAD_MAX) VALUES ('C16', 'A21098765', STR_TO_DATE('2024-01-16', '%Y-%m-%d'), 'Parque Eólico Cataluña', 1200.00);
INSERT INTO CENTRALES (COD_CENTRAL, CIF, FECHA, UBICACION, CAPACIDAD_MAX) VALUES ('C17', 'A43210987', STR_TO_DATE('2024-01-17', '%Y-%m-%d'), 'Central Hidroeléctrica Andalucía', 850.00);
INSERT INTO CENTRALES (COD_CENTRAL, CIF, FECHA, UBICACION, CAPACIDAD_MAX) VALUES ('C18', 'A76543210', STR_TO_DATE('2024-01-18', '%Y-%m-%d'), 'Parque Solar Extremadura', 1100.00);
INSERT INTO CENTRALES (COD_CENTRAL, CIF, FECHA, UBICACION, CAPACIDAD_MAX) VALUES ('C19', 'A09876543', STR_TO_DATE('2024-01-19', '%Y-%m-%d'), 'Central Térmica Galicia', 1300.00);
INSERT INTO CENTRALES (COD_CENTRAL, CIF, FECHA, UBICACION, CAPACIDAD_MAX) VALUES ('C20', 'A35792451', STR_TO_DATE('2024-01-20', '%Y-%m-%d'), 'Parque Eólico Navarra', 700.00);

COMMIT;